advt_cost,sales
230.1,85.0
44.5,15.0
17.2,12.0
151.5,56.0
180.8,52.36777866527939
8.7,5.0
57.5,16.0
120.2,45.0
8.6,19.0
199.8,4.0
66.1,24.573516067183576
214.7,78.0
23.8,20.0
